candidate_id,scaffold_name,family,mutations,hamming,total_score,starting_lambda_nm,min_distance_to_retinal_A,min_plm_log_likelihood_delta,has_protected_violation,tags,reason
BeRhGC1_full_p283DtoN,BeRhGC1_full,RhGC,p283DtoN,1,7.8,540.0,,-1.872,0,assay_ready;retinal_pocket;spectral_tuning;target_family;target_phenotype,retinal_pocket spectral_tuning proton_donor_candidate HEURISTIC TM6 Asp in NDYAL motif (classic opsin TM6 conserved D); possible analog of BR D96. D->E conservative; D->N removes charge.
BeRhGC1_full_p283DtoE,BeRhGC1_full,RhGC,p283DtoE,1,7.8,540.0,,-2.848,0,assay_ready;retinal_pocket;spectral_tuning;target_family;target_phenotype,retinal_pocket spectral_tuning proton_donor_candidate HEURISTIC TM6 Asp in NDYAL motif (classic opsin TM6 conserved D); possible analog of BR D96. D->E conservative; D->N removes charge.
BeRhGC1_full_p272YtoW,BeRhGC1_full,RhGC,p272YtoW,1,7.8,540.0,,-4.437,0,assay_ready;retinal_pocket;spectral_tuning;target_family;target_phenotype,retinal_pocket spectral_tuning aromatic_tuning HEURISTIC TM5 Tyr in sequence context EITQYPHDP; commonly involved in spectral tuning in microbial opsins. Y->F removes phenolic OH; Y->W larger aromatic.
BeRhGC1_full_p272YtoF,BeRhGC1_full,RhGC,p272YtoF,1,7.8,540.0,,-3.137,0,assay_ready;retinal_pocket;spectral_tuning;target_family;target_phenotype,retinal_pocket spectral_tuning aromatic_tuning HEURISTIC TM5 Tyr in sequence context EITQYPHDP; commonly involved in spectral tuning in microbial opsins. Y->F removes phenolic OH; Y->W larger aromatic.
BeRhGC1_full_p183WtoY,BeRhGC1_full,RhGC,p183WtoY,1,7.8,540.0,,-2.569,0,assay_ready;retinal_pocket;spectral_tuning;target_family;target_phenotype,retinal_pocket spectral_tuning aromatic_wall HEURISTIC TM3 Trp adjacent to counterion; analogous to BR W86. W->F removes indole NH; W->Y swaps indole for phenol.
BeRhGC1_full_p183WtoF,BeRhGC1_full,RhGC,p183WtoF,1,7.8,540.0,,-2.156,0,assay_ready;retinal_pocket;spectral_tuning;target_family;target_phenotype,retinal_pocket spectral_tuning aromatic_wall HEURISTIC TM3 Trp adjacent to counterion; analogous to BR W86. W->F removes indole NH; W->Y swaps indole for phenol.
BeRhGC1_full_p181DtoN,BeRhGC1_full,RhGC,p181DtoN,1,7.8,540.0,,-3.764,0,assay_ready;retinal_pocket;spectral_tuning;target_family;target_phenotype,"retinal_pocket spectral_tuning counterion_candidate HEURISTIC position in TM3 (DIWYGY motif); analogous to BR D85. D->E conservative (charge-preserving, longer sidechain); D->N removes negative charge (expected disruptive)."
BeRhGC1_full_p181DtoE,BeRhGC1_full,RhGC,p181DtoE,1,7.8,540.0,,-3.739,0,assay_ready;retinal_pocket;spectral_tuning;target_family;target_phenotype,"retinal_pocket spectral_tuning counterion_candidate HEURISTIC position in TM3 (DIWYGY motif); analogous to BR D85. D->E conservative (charge-preserving, longer sidechain); D->N removes negative charge (expected disruptive)."
BeRhGC1_full_p272YtoW__p283DtoN,BeRhGC1_full,RhGC,p272YtoW;p283DtoN,2,7.6,540.0,,-4.437,0,assay_ready;retinal_pocket;spectral_tuning;target_family;target_phenotype,retinal_pocket spectral_tuning aromatic_tuning HEURISTIC TM5 Tyr in sequence context EITQYPHDP; commonly involved in spectral tuning in microbial opsins. Y->F removes phenolic OH; Y->W larger aromatic.; retinal_pocket spectral_tuning proton_donor_candidate HEURISTIC TM6 Asp in NDYAL motif (classic opsin TM6 conserved D); possible analog of BR D96. D->E conservative; D->N removes charge.
BeRhGC1_full_p272YtoW__p283DtoE,BeRhGC1_full,RhGC,p272YtoW;p283DtoE,2,7.6,540.0,,-4.437,0,assay_ready;retinal_pocket;spectral_tuning;target_family;target_phenotype,retinal_pocket spectral_tuning aromatic_tuning HEURISTIC TM5 Tyr in sequence context EITQYPHDP; commonly involved in spectral tuning in microbial opsins. Y->F removes phenolic OH; Y->W larger aromatic.; retinal_pocket spectral_tuning proton_donor_candidate HEURISTIC TM6 Asp in NDYAL motif (classic opsin TM6 conserved D); possible analog of BR D96. D->E conservative; D->N removes charge.
BeRhGC1_full_p272YtoF__p283DtoN,BeRhGC1_full,RhGC,p272YtoF;p283DtoN,2,7.6,540.0,,-3.137,0,assay_ready;retinal_pocket;spectral_tuning;target_family;target_phenotype,retinal_pocket spectral_tuning aromatic_tuning HEURISTIC TM5 Tyr in sequence context EITQYPHDP; commonly involved in spectral tuning in microbial opsins. Y->F removes phenolic OH; Y->W larger aromatic.; retinal_pocket spectral_tuning proton_donor_candidate HEURISTIC TM6 Asp in NDYAL motif (classic opsin TM6 conserved D); possible analog of BR D96. D->E conservative; D->N removes charge.
BeRhGC1_full_p272YtoF__p283DtoE,BeRhGC1_full,RhGC,p272YtoF;p283DtoE,2,7.6,540.0,,-3.137,0,assay_ready;retinal_pocket;spectral_tuning;target_family;target_phenotype,retinal_pocket spectral_tuning aromatic_tuning HEURISTIC TM5 Tyr in sequence context EITQYPHDP; commonly involved in spectral tuning in microbial opsins. Y->F removes phenolic OH; Y->W larger aromatic.; retinal_pocket spectral_tuning proton_donor_candidate HEURISTIC TM6 Asp in NDYAL motif (classic opsin TM6 conserved D); possible analog of BR D96. D->E conservative; D->N removes charge.
BeRhGC1_full_p183WtoY__p283DtoN,BeRhGC1_full,RhGC,p183WtoY;p283DtoN,2,7.6,540.0,,-2.569,0,assay_ready;retinal_pocket;spectral_tuning;target_family;target_phenotype,retinal_pocket spectral_tuning aromatic_wall HEURISTIC TM3 Trp adjacent to counterion; analogous to BR W86. W->F removes indole NH; W->Y swaps indole for phenol.; retinal_pocket spectral_tuning proton_donor_candidate HEURISTIC TM6 Asp in NDYAL motif (classic opsin TM6 conserved D); possible analog of BR D96. D->E conservative; D->N removes charge.
BeRhGC1_full_p183WtoY__p283DtoE,BeRhGC1_full,RhGC,p183WtoY;p283DtoE,2,7.6,540.0,,-2.848,0,assay_ready;retinal_pocket;spectral_tuning;target_family;target_phenotype,retinal_pocket spectral_tuning aromatic_wall HEURISTIC TM3 Trp adjacent to counterion; analogous to BR W86. W->F removes indole NH; W->Y swaps indole for phenol.; retinal_pocket spectral_tuning proton_donor_candidate HEURISTIC TM6 Asp in NDYAL motif (classic opsin TM6 conserved D); possible analog of BR D96. D->E conservative; D->N removes charge.
BeRhGC1_full_p183WtoY__p272YtoW,BeRhGC1_full,RhGC,p183WtoY;p272YtoW,2,7.6,540.0,,-4.437,0,assay_ready;retinal_pocket;spectral_tuning;target_family;target_phenotype,retinal_pocket spectral_tuning aromatic_wall HEURISTIC TM3 Trp adjacent to counterion; analogous to BR W86. W->F removes indole NH; W->Y swaps indole for phenol.; retinal_pocket spectral_tuning aromatic_tuning HEURISTIC TM5 Tyr in sequence context EITQYPHDP; commonly involved in spectral tuning in microbial opsins. Y->F removes phenolic OH; Y->W larger aromatic.
BeRhGC1_full_p183WtoY__p272YtoF,BeRhGC1_full,RhGC,p183WtoY;p272YtoF,2,7.6,540.0,,-3.137,0,assay_ready;retinal_pocket;spectral_tuning;target_family;target_phenotype,retinal_pocket spectral_tuning aromatic_wall HEURISTIC TM3 Trp adjacent to counterion; analogous to BR W86. W->F removes indole NH; W->Y swaps indole for phenol.; retinal_pocket spectral_tuning aromatic_tuning HEURISTIC TM5 Tyr in sequence context EITQYPHDP; commonly involved in spectral tuning in microbial opsins. Y->F removes phenolic OH; Y->W larger aromatic.
BeRhGC1_full_p183WtoF__p283DtoN,BeRhGC1_full,RhGC,p183WtoF;p283DtoN,2,7.6,540.0,,-2.156,0,assay_ready;retinal_pocket;spectral_tuning;target_family;target_phenotype,retinal_pocket spectral_tuning aromatic_wall HEURISTIC TM3 Trp adjacent to counterion; analogous to BR W86. W->F removes indole NH; W->Y swaps indole for phenol.; retinal_pocket spectral_tuning proton_donor_candidate HEURISTIC TM6 Asp in NDYAL motif (classic opsin TM6 conserved D); possible analog of BR D96. D->E conservative; D->N removes charge.
BeRhGC1_full_p183WtoF__p283DtoE,BeRhGC1_full,RhGC,p183WtoF;p283DtoE,2,7.6,540.0,,-2.848,0,assay_ready;retinal_pocket;spectral_tuning;target_family;target_phenotype,retinal_pocket spectral_tuning aromatic_wall HEURISTIC TM3 Trp adjacent to counterion; analogous to BR W86. W->F removes indole NH; W->Y swaps indole for phenol.; retinal_pocket spectral_tuning proton_donor_candidate HEURISTIC TM6 Asp in NDYAL motif (classic opsin TM6 conserved D); possible analog of BR D96. D->E conservative; D->N removes charge.
BeRhGC1_full_p183WtoF__p272YtoW,BeRhGC1_full,RhGC,p183WtoF;p272YtoW,2,7.6,540.0,,-4.437,0,assay_ready;retinal_pocket;spectral_tuning;target_family;target_phenotype,retinal_pocket spectral_tuning aromatic_wall HEURISTIC TM3 Trp adjacent to counterion; analogous to BR W86. W->F removes indole NH; W->Y swaps indole for phenol.; retinal_pocket spectral_tuning aromatic_tuning HEURISTIC TM5 Tyr in sequence context EITQYPHDP; commonly involved in spectral tuning in microbial opsins. Y->F removes phenolic OH; Y->W larger aromatic.
BeRhGC1_full_p183WtoF__p272YtoF,BeRhGC1_full,RhGC,p183WtoF;p272YtoF,2,7.6,540.0,,-3.137,0,assay_ready;retinal_pocket;spectral_tuning;target_family;target_phenotype,retinal_pocket spectral_tuning aromatic_wall HEURISTIC TM3 Trp adjacent to counterion; analogous to BR W86. W->F removes indole NH; W->Y swaps indole for phenol.; retinal_pocket spectral_tuning aromatic_tuning HEURISTIC TM5 Tyr in sequence context EITQYPHDP; commonly involved in spectral tuning in microbial opsins. Y->F removes phenolic OH; Y->W larger aromatic.
BeRhGC1_full_p181DtoN__p283DtoN,BeRhGC1_full,RhGC,p181DtoN;p283DtoN,2,7.6,540.0,,-3.764,0,assay_ready;retinal_pocket;spectral_tuning;target_family;target_phenotype,"retinal_pocket spectral_tuning counterion_candidate HEURISTIC position in TM3 (DIWYGY motif); analogous to BR D85. D->E conservative (charge-preserving, longer sidechain); D->N removes negative charge (expected disruptive).; retinal_pocket spectral_tuning proton_donor_candidate HEURISTIC TM6 Asp in NDYAL motif (classic opsin TM6 conserved D); possible analog of BR D96. D->E conservative; D->N removes charge."
BeRhGC1_full_p181DtoN__p283DtoE,BeRhGC1_full,RhGC,p181DtoN;p283DtoE,2,7.6,540.0,,-3.764,0,assay_ready;retinal_pocket;spectral_tuning;target_family;target_phenotype,"retinal_pocket spectral_tuning counterion_candidate HEURISTIC position in TM3 (DIWYGY motif); analogous to BR D85. D->E conservative (charge-preserving, longer sidechain); D->N removes negative charge (expected disruptive).; retinal_pocket spectral_tuning proton_donor_candidate HEURISTIC TM6 Asp in NDYAL motif (classic opsin TM6 conserved D); possible analog of BR D96. D->E conservative; D->N removes charge."
BeRhGC1_full_p181DtoN__p272YtoW,BeRhGC1_full,RhGC,p181DtoN;p272YtoW,2,7.6,540.0,,-4.437,0,assay_ready;retinal_pocket;spectral_tuning;target_family;target_phenotype,"retinal_pocket spectral_tuning counterion_candidate HEURISTIC position in TM3 (DIWYGY motif); analogous to BR D85. D->E conservative (charge-preserving, longer sidechain); D->N removes negative charge (expected disruptive).; retinal_pocket spectral_tuning aromatic_tuning HEURISTIC TM5 Tyr in sequence context EITQYPHDP; commonly involved in spectral tuning in microbial opsins. Y->F removes phenolic OH; Y->W larger aromatic."
BeRhGC1_full_p181DtoN__p272YtoF,BeRhGC1_full,RhGC,p181DtoN;p272YtoF,2,7.6,540.0,,-3.764,0,assay_ready;retinal_pocket;spectral_tuning;target_family;target_phenotype,"retinal_pocket spectral_tuning counterion_candidate HEURISTIC position in TM3 (DIWYGY motif); analogous to BR D85. D->E conservative (charge-preserving, longer sidechain); D->N removes negative charge (expected disruptive).; retinal_pocket spectral_tuning aromatic_tuning HEURISTIC TM5 Tyr in sequence context EITQYPHDP; commonly involved in spectral tuning in microbial opsins. Y->F removes phenolic OH; Y->W larger aromatic."
BeRhGC1_full_p181DtoN__p183WtoY,BeRhGC1_full,RhGC,p181DtoN;p183WtoY,2,7.6,540.0,,-3.764,0,assay_ready;retinal_pocket;spectral_tuning;target_family;target_phenotype,"retinal_pocket spectral_tuning counterion_candidate HEURISTIC position in TM3 (DIWYGY motif); analogous to BR D85. D->E conservative (charge-preserving, longer sidechain); D->N removes negative charge (expected disruptive).; retinal_pocket spectral_tuning aromatic_wall HEURISTIC TM3 Trp adjacent to counterion; analogous to BR W86. W->F removes indole NH; W->Y swaps indole for phenol."
BeRhGC1_full_p181DtoN__p183WtoF,BeRhGC1_full,RhGC,p181DtoN;p183WtoF,2,7.6,540.0,,-3.764,0,assay_ready;retinal_pocket;spectral_tuning;target_family;target_phenotype,"retinal_pocket spectral_tuning counterion_candidate HEURISTIC position in TM3 (DIWYGY motif); analogous to BR D85. D->E conservative (charge-preserving, longer sidechain); D->N removes negative charge (expected disruptive).; retinal_pocket spectral_tuning aromatic_wall HEURISTIC TM3 Trp adjacent to counterion; analogous to BR W86. W->F removes indole NH; W->Y swaps indole for phenol."
BeRhGC1_full_p181DtoE__p283DtoN,BeRhGC1_full,RhGC,p181DtoE;p283DtoN,2,7.6,540.0,,-3.739,0,assay_ready;retinal_pocket;spectral_tuning;target_family;target_phenotype,"retinal_pocket spectral_tuning counterion_candidate HEURISTIC position in TM3 (DIWYGY motif); analogous to BR D85. D->E conservative (charge-preserving, longer sidechain); D->N removes negative charge (expected disruptive).; retinal_pocket spectral_tuning proton_donor_candidate HEURISTIC TM6 Asp in NDYAL motif (classic opsin TM6 conserved D); possible analog of BR D96. D->E conservative; D->N removes charge."
BeRhGC1_full_p181DtoE__p283DtoE,BeRhGC1_full,RhGC,p181DtoE;p283DtoE,2,7.6,540.0,,-3.739,0,assay_ready;retinal_pocket;spectral_tuning;target_family;target_phenotype,"retinal_pocket spectral_tuning counterion_candidate HEURISTIC position in TM3 (DIWYGY motif); analogous to BR D85. D->E conservative (charge-preserving, longer sidechain); D->N removes negative charge (expected disruptive).; retinal_pocket spectral_tuning proton_donor_candidate HEURISTIC TM6 Asp in NDYAL motif (classic opsin TM6 conserved D); possible analog of BR D96. D->E conservative; D->N removes charge."
BeRhGC1_full_p181DtoE__p272YtoW,BeRhGC1_full,RhGC,p181DtoE;p272YtoW,2,7.6,540.0,,-4.437,0,assay_ready;retinal_pocket;spectral_tuning;target_family;target_phenotype,"retinal_pocket spectral_tuning counterion_candidate HEURISTIC position in TM3 (DIWYGY motif); analogous to BR D85. D->E conservative (charge-preserving, longer sidechain); D->N removes negative charge (expected disruptive).; retinal_pocket spectral_tuning aromatic_tuning HEURISTIC TM5 Tyr in sequence context EITQYPHDP; commonly involved in spectral tuning in microbial opsins. Y->F removes phenolic OH; Y->W larger aromatic."
BeRhGC1_full_p181DtoE__p272YtoF,BeRhGC1_full,RhGC,p181DtoE;p272YtoF,2,7.6,540.0,,-3.739,0,assay_ready;retinal_pocket;spectral_tuning;target_family;target_phenotype,"retinal_pocket spectral_tuning counterion_candidate HEURISTIC position in TM3 (DIWYGY motif); analogous to BR D85. D->E conservative (charge-preserving, longer sidechain); D->N removes negative charge (expected disruptive).; retinal_pocket spectral_tuning aromatic_tuning HEURISTIC TM5 Tyr in sequence context EITQYPHDP; commonly involved in spectral tuning in microbial opsins. Y->F removes phenolic OH; Y->W larger aromatic."
BeRhGC1_full_p181DtoE__p183WtoY,BeRhGC1_full,RhGC,p181DtoE;p183WtoY,2,7.6,540.0,,-3.739,0,assay_ready;retinal_pocket;spectral_tuning;target_family;target_phenotype,"retinal_pocket spectral_tuning counterion_candidate HEURISTIC position in TM3 (DIWYGY motif); analogous to BR D85. D->E conservative (charge-preserving, longer sidechain); D->N removes negative charge (expected disruptive).; retinal_pocket spectral_tuning aromatic_wall HEURISTIC TM3 Trp adjacent to counterion; analogous to BR W86. W->F removes indole NH; W->Y swaps indole for phenol."
BeRhGC1_full_p181DtoE__p183WtoF,BeRhGC1_full,RhGC,p181DtoE;p183WtoF,2,7.6,540.0,,-3.739,0,assay_ready;retinal_pocket;spectral_tuning;target_family;target_phenotype,"retinal_pocket spectral_tuning counterion_candidate HEURISTIC position in TM3 (DIWYGY motif); analogous to BR D85. D->E conservative (charge-preserving, longer sidechain); D->N removes negative charge (expected disruptive).; retinal_pocket spectral_tuning aromatic_wall HEURISTIC TM3 Trp adjacent to counterion; analogous to BR W86. W->F removes indole NH; W->Y swaps indole for phenol."
